Competitor,Pricing_Model,Positioning,Target_Customer,Brand_Extraction_Auto,Mockup_Gen,HRIS_Integration,Employee_SelfServe,Time_To_Live_Claim,Fidelity_Claim
SwagUp,Tiered SaaS (per user/month),White-glove swag delivery platform for enterprise teams,Enterprise,No - manual uploads,Yes - limited options,Yes - Workday/BambooHR,Yes - employee portal,"Not stated, estimated 2-4 weeks",Visual accuracy standard
Swag.com,Transactional (per order),Full-service corporate gifting and merchandise solution,Mid-Market to Enterprise,No - manual curation,Yes - basic templates,No,Limited self-serve,"Not stated, estimated 1-3 weeks","Product quality over brand fidelity"
Stadium,Tiered SaaS (monthly base),All-in-one merchandise platform for distributed teams,Mid-Market to Enterprise,No - manual brand setup,Yes - professional mockups,No - integrates with Zapier,Yes - employee dashboard,"5-10 business days claimed",Brand accuracy through curation
Printful,Hybrid (SaaS + per-unit),Print-on-demand with dropshipping for apparel brands,SMB to Mid-Market,No - manual product setup,Yes - extensive mockup library,No native HRIS,Manual - Shopify integration only,"Immediate store setup, prints ship in 2-3 days",High production quality
Printfection,Tiered SaaS (monthly + per-unit),Corporate gifting simplified for mid-market companies,Mid-Market,No - manual brand uploads,Yes - brand mockup tools,Yes - limited ATS/HRIS,Yes - redemption portal,"7-10 business days",Brand compliance through templates
Brilliant,SaaS (per user annual),Modern employee engagement through branded experiences,Mid-Market to Enterprise,No - manual brand input,Yes - AI-enhanced mockups,Yes - Workday/SuccessFactors,Yes - engagement portal,"14-21 business days","Brand + engagement measurement"
Merchology,Tiered SaaS + transaction,Fully managed merchandise service for large employers,Enterprise,"Partial - brand guidelines upload",Yes - full design service,Yes - BambooHR/Workday,Yes - portal,"21-28 days with design review",Highest brand fidelity (custom design)
Bonusly,SaaS (per user/month),Social recognition with branded rewards and merchandise,Mid-Market to Enterprise,No - partner logos only,Yes - redemption mockups,Yes - deep HRIS integration,Yes - recognition portal,"Not applicable - merchandise is reward option","Brand safety through partner restrictions"
Karma,Tiered SaaS (seat-based),Unified rewards and recognition with branded merchandise,Mid-Market to Enterprise,No - manual brand setup,Yes - reward catalog,Yes - HRIS integration,Yes - self-serve redemption,"Variable, 5-20 days","Merchant partner quality"
Bulu Box,Subscription model (monthly),Curated monthly branded boxes for corporate wellness,Enterprise,No - pre-curated partnerships,No - fixed box designs,No - coordination required,Limited portal,"Monthly cadence, not on-demand","Brand consistency through partnerships"
